region,source,series,t_col,value_col,threshold,init_t,peak_t,peak_value,term_t,duration_bins
Irminger,BGC,Integrated,week,DEPTH_INT_CHL_clim,0.08782333172857762,21,24,0.3512997031211853,38,17
Iceland,BGC,Integrated,week,DEPTH_INT_CHL_clim,0.08726076409220695,16,21,0.6565960049629211,32,16
Irminger,BGC,10m,week,DEPTH_INT_CHL_10m_clim,0.7352749854326248,21,23,4.057231426239014,40,19
Iceland,BGC,10m,week,DEPTH_INT_CHL_10m_clim,0.6816041350364686,19,21,3.8747825622558594,39,20
Irminger,Satellite,Surface,week,CHL,0.3555732250213623,20,24,0.810984194278717,39,19
Iceland,Satellite,Surface,week,CHL,0.39289662390947344,19,32,0.7407368421554565,40,21
Irminger,BGC,Zeu,week,INT_CHL_ZEU_clim,0.7489757133039127,19,23,2.6045058012008666,39,20
Iceland,BGC,Zeu,week,INT_CHL_ZEU_clim,0.6158525406223305,20,21,4.030803646234905,37,17
