region,source,series,t_col,value_col,threshold,init_t,peak_t,peak_value,term_t,duration_bins
Irminger,BGC,sur,week,DEPTH_INT_CHL_sur_clim,0.8055230677127838,19,24,2.304912805557251,39,20
Iceland,BGC,sur,week,DEPTH_INT_CHL_sur_clim,0.6557818651199341,19,21,3.906233310699463,38,19
Irminger,Satellite,Surface,week,CHL,0.35484467446804047,20,24,0.810984194278717,40,20
Iceland,Satellite,Surface,week,CHL,0.3926773890852928,19,32,0.7407367825508118,40,21
Irminger,BGC,Zeu,week,INT_CHL_ZEU_clim,0.791779917805029,19,24,2.4637853771448137,39,20
Iceland,BGC,Zeu,week,INT_CHL_ZEU_clim,0.6312142327915674,20,21,3.8773247348991307,38,18
